{
  "type": "control-scheme",
  "version": "0.1.0",

  "scheme": {
    "bindings": [
      {
        "action": "yaw",
        "input": "mouse0.xaxis"
      },
      {
        "action": "pitch",
        "input": "mouse0.yaxis"
      },
      {
        "action": "left",
        "input": "keyboard0.a"
      },
      {
        "action": "right",
        "input": "keyboard0.d"
      },
      {
        "action": "forwards",
        "input": "keyboard0.w"
      },
      {
        "action": "backwards",
        "input": "keyboard0.s"
      },
      {
        "action": "jump",
        "input": "keyboard0.space"
      },
      {
        "action": "descend",
        "input": "keyboard0.leftshift"
      },
      {
        "action": "screenshot",
        "input": "keyboard0.f12"
      },
      {
        "action": "toggle_debugscreen",
        "input": "keyboard0.f4"
      },
      {
        "action": "toggle_console",
        "input": "keyboard0.tilde"
      }
    ]
  }
}
